Sim#,Seed,Scenario#,12NB-PreemptTime,12NB-PreemptComment,13NB-Time,13NB-Comment,15NB-Time,15NB-Comment,16NB-Time,16NB-Comment,18NB-Time,18NB-Comment,19NB-Time,19NB-Comment,20NB-Time,20NB-Comment
001,1,1,3616,Final-solution,3684,Redundant-solution,3695,Final-solution,3701,Final-solution,3651,Final-solution,3523,Final-solution,3890.0,Final-solution
002,1,2,3624,Final-solution,3636,Final-solution,3694,Final-solution,3698,Final-solution,3633,Final-solution,3874,Redundant-solution,3982.0,Final-solution
003,1,3,3624,Final-solution,3642,Final-solution,3695,Final-solution,3698,Final-solution,3651,Final-solution,3820,Final-solution,3982.0,Redundant-solution
004,1,4,3632,Final-solution,3712,Redundant-solution,3694,Final-solution,3703,Final-solution,3638,Final-solution,3635,Final-solution,3903.0,Final-solution
005,1,5,3625,Final-solution,3710,Redundant-solution,3695,Final-solution,3701,Final-solution,3647,Final-solution,3893,Redundant-solution,3978.0,Redundant-solution
006,1,6,3641,Final-solution,3716,Redundant-solution,3695,Final-solution,3703,Final-solution,3655,Final-solution,3905,Redundant-solution,4007.0,Final-solution
007,1,7,3641,Final-solution,3714,Redundant-solution,3688,Final-solution,3699,Final-solution,3582,Final-solution,3899,Redundant-solution,3694.0,Final-solution
008,1,8,3621,Final-solution,3724,Redundant-solution,3701,Final-solution,3714,Final-solution,3669,Final-solution,3825,Final-solution,4007.0,Final-solution
009,1,9,3652,Final-solution,3738,Redundant-solution,3765,Redundant-solution,3813,Redundant-solution,3784,Final-solution,3563,Final-solution,4047.0,Redundant-solution
010,1,10,3655,Final-solution,3742,Redundant-solution,3767,Redundant-solution,3715,Final-solution,3660,Final-solution,3836,Final-solution,3683.0,Final-solution
011,1,11,3663,Final-solution,3748,Redundant-solution,3772,Redundant-solution,3716,Final-solution,3655,Final-solution,3909,Redundant-solution,3597.0,Final-solution
012,1,12,3663,Final-solution,3749,Redundant-solution,3772,Redundant-solution,3804,Redundant-solution,3790,Final-solution,3840,Final-solution,3730.0,Final-solution
013,1,13,3747,Redundant-solution,3763,Redundant-solution,3784,Redundant-solution,3722,Final-solution,3639,Final-solution,3841,Final-solution,3587.0,Final-solution
014,1,14,3748,Redundant-solution,3764,Redundant-solution,3785,Redundant-solution,3722,Final-solution,3620,Final-solution,3954,Final-solution,4029.0,Redundant-solution
015,1,15,3759,Final-solution,3783,Final-solution,3799,Redundant-solution,3814,Redundant-solution,3773,Final-solution,3840,Final-solution,3672.0,Final-solution
016,1,16,3765,Final-solution,3790,Final-solution,3817,Redundant-solution,3833,Redundant-solution,3650,Final-solution,3954,Final-solution,4025.0,Final-solution
017,1,17,3766,Final-solution,3789,Final-solution,3831,Redundant-solution,3843,Final-solution,3774,Final-solution,3949,Final-solution,3730.0,Final-solution
018,1,18,3760,Final-solution,3789,Final-solution,3823,Redundant-solution,3844,Final-solution,3773,Final-solution,3655,Final-solution,4047.0,Redundant-solution
019,1,19,3766,Final-solution,3790,Final-solution,3849,Final-solution,3850,Final-solution,3773,Final-solution,3949,Final-solution,3701.0,Final-solution
020,1,20,3770,Final-solution,3798,Final-solution,3848,Final-solution,3850,Final-solution,3781,Final-solution,3655,Final-solution,3926.0,Final-solution
021,1,21,3765,Final-solution,3797,Final-solution,3848,Final-solution,3849,Final-solution,3774,Final-solution,3859,Final-solution,4069.0,Redundant-solution
022,1,22,3771,Final-solution,3799,Final-solution,3695,Final-solution,3850,Final-solution,3781,Final-solution,3844,Final-solution,4076.0,Redundant-solution
023,1,23,3766,Final-solution,3800,Final-solution,3849,Final-solution,3850,Final-solution,3788,Final-solution,3857,Final-solution,3771.0,Final-solution
024,1,24,3766,Final-solution,3796,Final-solution,3848,Final-solution,3850,Final-solution,3773,Final-solution,3818,Final-solution,4081.0,Redundant-solution
025,1,25,3765,Final-solution,3800,Final-solution,3848,Final-solution,3849,Final-solution,3774,Final-solution,3654,Final-solution,4068.0,Redundant-solution
026,1,26,3784,Final-solution,3802,Final-solution,3854,Final-solution,3869,Final-solution,3823,Final-solution,4047,Redundant-solution,4158.0,Final-solution
027,1,27,3774,Final-solution,3790,Final-solution,3854,Final-solution,3850,Final-solution,3786,Final-solution,3992,Redundant-solution,4140.0,Final-solution
028,1,28,3781,Final-solution,3789,Final-solution,3855,Final-solution,3844,Final-solution,3806,Final-solution,4030,Redundant-solution,4113.0,Redundant-solution
029,1,29,3783,Final-solution,3789,Final-solution,3695,Final-solution,3849,Final-solution,3735,Final-solution,3868,Final-solution,4077.0,Redundant-solution
030,1,30,3784,Final-solution,3790,Final-solution,3836,Final-solution,3849,Final-solution,3785,Final-solution,3955,Final-solution,4043.0,Final-solution
031,1,31,3780,Final-solution,3796,Final-solution,3849,Final-solution,3850,Final-solution,3784,Final-solution,3805,Final-solution,4082.0,Redundant-solution
032,1,32,3784,Final-solution,3799,Final-solution,3849,Final-solution,3850,Final-solution,3785,Final-solution,3865,Final-solution,4120.0,Redundant-solution
033,2,1,3612,Final-solution,3624,Final-solution,3724,Redundant-solution,3700,Final-solution,3813,Final-solution,3875,Redundant-solution,3903.0,Final-solution
034,2,2,3616,Final-solution,3641,Final-solution,3728,Redundant-solution,3694,Final-solution,3817,Final-solution,3882,Final-solution,3961.0,Redundant-solution
035,2,3,3616,Final-solution,3636,Final-solution,3724,Redundant-solution,3689,Final-solution,3801,Final-solution,3819,Final-solution,3890.0,Final-solution
036,2,4,3615,Final-solution,3708,Redundant-solution,3731,Redundant-solution,3696,Final-solution,3800,Final-solution,3865,Redundant-solution,3941.0,Redundant-solution
037,2,5,3613,Final-solution,3727,Redundant-solution,3759,Redundant-solution,3701,Final-solution,3811,Final-solution,3876,Redundant-solution,3899.0,Final-solution
038,2,6,3628,Final-solution,3736,Redundant-solution,3769,Redundant-solution,3701,Final-solution,3792,Final-solution,3891,Redundant-solution,3907.0,Final-solution
039,2,7,3628,Final-solution,3715,Redundant-solution,3736,Redundant-solution,3697,Final-solution,3801,Final-solution,3870,Redundant-solution,3899.0,Final-solution
040,2,8,3627,Final-solution,3745,Redundant-solution,3768,Redundant-solution,3709,Final-solution,3825,Final-solution,3909,Redundant-solution,3914.0,Final-solution
041,2,9,3637,Final-solution,3729,Redundant-solution,3753,Redundant-solution,3700,Final-solution,3815,Final-solution,3794,Final-solution,3960.0,Redundant-solution
042,2,10,3715,Redundant-solution,3736,Redundant-solution,3759,Redundant-solution,3709,Final-solution,3841,Final-solution,3898,Redundant-solution,3972.0,Redundant-solution
043,2,11,3732,Redundant-solution,3764,Redundant-solution,3787,Redundant-solution,3799,Redundant-solution,3840,Final-solution,3909,Final-solution,3990.0,Redundant-solution
044,2,12,3737,Redundant-solution,3766,Redundant-solution,3789,Redundant-solution,3801,Redundant-solution,3840,Final-solution,3911,Final-solution,3914.0,Final-solution
045,2,13,3586,Final-solution,3771,Redundant-solution,3796,Redundant-solution,3810,Redundant-solution,3840,Final-solution,3914,Redundant-solution,3916.0,Final-solution
046,2,14,3735,Redundant-solution,3757,Redundant-solution,3780,Redundant-solution,3792,Redundant-solution,3841,Final-solution,3904,Redundant-solution,3908.0,Final-solution
047,2,15,3700,Final-solution,3650,Final-solution,3812,Redundant-solution,3825,Redundant-solution,3841,Final-solution,3923,Redundant-solution,4012.0,Redundant-solution
048,2,16,3658,Final-solution,3684,Final-solution,3815,Redundant-solution,3828,Redundant-solution,3841,Final-solution,3930,Redundant-solution,4014.0,Final-solution
049,2,17,3766,Final-solution,3649,Final-solution,3817,Redundant-solution,3832,Redundant-solution,3773,Final-solution,3939,Redundant-solution,4022.0,Final-solution
050,2,18,3657,Final-solution,3706,Final-solution,3821,Redundant-solution,3833,Redundant-solution,3792,Final-solution,3941,Redundant-solution,4011.0,Redundant-solution
051,2,19,3658,Final-solution,3704,Final-solution,3823,Redundant-solution,3835,Redundant-solution,3840,Final-solution,3931,Redundant-solution,3998.0,Redundant-solution
052,2,20,3698,Final-solution,3789,Final-solution,3822,Redundant-solution,3834,Redundant-solution,3840,Final-solution,3934,Final-solution,4016.0,Final-solution
053,2,21,3658,Final-solution,3789,Final-solution,3822,Redundant-solution,3834,Redundant-solution,3848,Final-solution,3858,Final-solution,4020.0,Final-solution
054,2,22,3657,Final-solution,3789,Final-solution,3822,Redundant-solution,3834,Redundant-solution,3655,Final-solution,3942,Final-solution,4020.0,Final-solution
055,2,23,3771,Final-solution,3650,Final-solution,3838,Redundant-solution,3844,Final-solution,3851,Final-solution,3715,Final-solution,3637.0,Final-solution
056,2,24,3771,Final-solution,3650,Final-solution,3838,Redundant-solution,3844,Final-solution,3851,Final-solution,3714,Final-solution,4027.0,Redundant-solution
057,2,25,3658,Final-solution,3797,Final-solution,3652,Final-solution,3850,Final-solution,3941,Final-solution,3801,Final-solution,4029.0,Redundant-solution
058,2,26,3760,Final-solution,3802,Final-solution,3848,Final-solution,3849,Final-solution,3940,Final-solution,3950,Final-solution,3651.0,Final-solution
059,2,27,3657,Final-solution,3704,Final-solution,3653,Final-solution,3859,Final-solution,3864,Final-solution,3949,Final-solution,4064.0,Redundant-solution
060,2,28,3760,Final-solution,3800,Final-solution,3855,Final-solution,3850,Final-solution,3941,Final-solution,3954,Final-solution,4029.0,Final-solution
061,2,29,3760,Final-solution,3800,Final-solution,3854,Final-solution,3849,Final-solution,3945,Final-solution,3976,Final-solution,3746.0,Final-solution
062,2,30,3760,Final-solution,3680,Final-solution,3849,Final-solution,3850,Final-solution,3940,Final-solution,3810,Final-solution,4042.0,Redundant-solution
063,2,31,3760,Final-solution,3832,Redundant-solution,3799,Final-solution,3850,Final-solution,3940,Final-solution,3955,Final-solution,3747.0,Final-solution
064,2,32,3775,Final-solution,3789,Final-solution,3849,Final-solution,3859,Final-solution,3933,Final-solution,3972,Final-solution,4075.0,Redundant-solution
065,3,1,3622,Final-solution,3629,Final-solution,3695,Final-solution,3701,Final-solution,3637,Final-solution,3557,Final-solution,3937.0,Redundant-solution
066,3,2,3621,Final-solution,3708,Redundant-solution,3534,Final-solution,3701,Final-solution,3668,Final-solution,3884,Redundant-solution,3969.0,Final-solution
067,3,3,3625,Final-solution,3706,Redundant-solution,3548,Final-solution,3697,Final-solution,3658,Final-solution,3818,Final-solution,3889.0,Final-solution
068,3,4,3622,Final-solution,3638,Final-solution,3689,Final-solution,3690,Final-solution,3636,Final-solution,3821,Final-solution,3627.0,Final-solution
069,3,5,3699,Redundant-solution,3718,Redundant-solution,3548,Final-solution,3720,Final-solution,3780,Final-solution,3910,Redundant-solution,4001.0,Final-solution
070,3,6,3720,Redundant-solution,3650,Final-solution,3760,Redundant-solution,3777,Redundant-solution,3588,Final-solution,3895,Final-solution,3976.0,Final-solution
071,3,7,3720,Redundant-solution,3649,Final-solution,3760,Redundant-solution,3777,Redundant-solution,3588,Final-solution,3895,Final-solution,3976.0,Final-solution
072,3,8,3736,Redundant-solution,3756,Redundant-solution,3781,Redundant-solution,3715,Final-solution,3588,Final-solution,3907,Redundant-solution,3970.0,Redundant-solution
073,3,9,3741,Redundant-solution,3650,Final-solution,3784,Redundant-solution,3796,Redundant-solution,3668,Final-solution,3903,Redundant-solution,3982.0,Final-solution
074,3,10,3742,Redundant-solution,3650,Final-solution,3780,Redundant-solution,3795,Redundant-solution,3568,Final-solution,3953,Final-solution,4026.0,Final-solution
075,3,11,3747,Redundant-solution,3649,Final-solution,3785,Redundant-solution,3801,Redundant-solution,3806,Final-solution,3955,Final-solution,4019.0,Final-solution
076,3,12,3759,Final-solution,3649,Final-solution,3799,Redundant-solution,3720,Final-solution,3800,Final-solution,3919,Redundant-solution,3621.0,Final-solution
077,3,13,3766,Final-solution,3743,Final-solution,3810,Redundant-solution,3822,Redundant-solution,3703,Final-solution,3924,Redundant-solution,4000.0,Final-solution
078,3,14,3765,Final-solution,3789,Final-solution,3812,Redundant-solution,3825,Redundant-solution,3800,Final-solution,3849,Final-solution,4000.0,Final-solution
079,3,15,3765,Final-solution,3784,Final-solution,3819,Redundant-solution,3832,Redundant-solution,3816,Final-solution,3975,Final-solution,4049.0,Redundant-solution
080,3,16,3766,Final-solution,3789,Final-solution,3824,Redundant-solution,3844,Final-solution,3819,Final-solution,3950,Final-solution,4019.0,Final-solution
081,3,17,3770,Final-solution,3789,Final-solution,3626,Final-solution,3844,Final-solution,3816,Final-solution,3950,Final-solution,3646.0,Final-solution
082,3,18,3773,Final-solution,3789,Final-solution,3836,Redundant-solution,3849,Final-solution,3728,Final-solution,3848,Final-solution,4037.0,Redundant-solution
083,3,19,3772,Final-solution,3811,Redundant-solution,3626,Final-solution,3850,Final-solution,3887,Final-solution,3960,Final-solution,4058.0,Final-solution
084,3,20,3777,Final-solution,3685,Final-solution,3853,Redundant-solution,3844,Final-solution,3800,Final-solution,3871,Final-solution,4055.0,Redundant-solution
085,3,21,3781,Final-solution,3692,Final-solution,3653,Final-solution,3844,Final-solution,3727,Final-solution,3973,Final-solution,4054.0,Final-solution
086,3,22,3777,Final-solution,3682,Final-solution,3635,Final-solution,3849,Final-solution,3728,Final-solution,3963,Final-solution,4068.0,Redundant-solution
087,3,23,3778,Final-solution,3784,Final-solution,3857,Redundant-solution,3643,Final-solution,3940,Final-solution,3969,Final-solution,3749.0,Final-solution
088,3,24,3777,Final-solution,3790,Final-solution,3639,Final-solution,3844,Final-solution,3828,Final-solution,3964,Final-solution,4034.0,Final-solution
089,3,25,3778,Final-solution,3796,Final-solution,3875,Final-solution,3849,Final-solution,3667,Final-solution,4002,Final-solution,4100.0,Final-solution
090,3,26,3782,Final-solution,3790,Final-solution,3881,Final-solution,3850,Final-solution,3668,Final-solution,3784,Final-solution,4092.0,Redundant-solution
091,3,27,3773,Final-solution,3861,Redundant-solution,3754,Final-solution,3856,Final-solution,3819,Final-solution,4023,Redundant-solution,4105.0,Final-solution
092,3,28,3779,Final-solution,3801,Final-solution,3891,Redundant-solution,3738,Final-solution,3960,Final-solution,3993,Final-solution,4121.0,Final-solution
093,3,29,3779,Final-solution,3801,Final-solution,3891,Redundant-solution,3737,Final-solution,3960,Final-solution,3993,Final-solution,4121.0,Final-solution
094,3,30,3782,Final-solution,3686,Final-solution,3695,Final-solution,3849,Final-solution,3788,Final-solution,3855,Final-solution,3684.0,Final-solution
095,3,31,3782,Final-solution,3686,Final-solution,3695,Final-solution,3850,Final-solution,3828,Final-solution,3819,Final-solution,4115.0,Redundant-solution
096,3,32,3773,Final-solution,3869,Redundant-solution,3695,Final-solution,3857,Final-solution,3788,Final-solution,4027,Redundant-solution,4098.0,Redundant-solution
097,4,1,3627,Final-solution,3629,Final-solution,3694,Final-solution,3701,Final-solution,3813,Final-solution,3870,Redundant-solution,3955.0,Final-solution
098,4,2,3629,Final-solution,3636,Final-solution,3688,Final-solution,3696,Final-solution,3801,Final-solution,3860,Redundant-solution,3895.0,Final-solution
099,4,3,3635,Final-solution,3638,Final-solution,3694,Final-solution,3701,Final-solution,3825,Final-solution,3883,Redundant-solution,3989.0,Final-solution
100,4,4,3642,Final-solution,3680,Redundant-solution,3695,Final-solution,3700,Final-solution,3826,Final-solution,3875,Redundant-solution,3953.0,Redundant-solution
101,4,5,3635,Final-solution,3638,Final-solution,3695,Final-solution,3700,Final-solution,3817,Final-solution,3876,Redundant-solution,3947.0,Redundant-solution
102,4,6,3660,Final-solution,3701,Redundant-solution,3738,Redundant-solution,3761,Redundant-solution,3904,Redundant-solution,3923,Final-solution,4029.0,Redundant-solution
103,4,7,3651,Final-solution,3704,Redundant-solution,3688,Final-solution,3711,Final-solution,3829,Final-solution,3902,Final-solution,4021.0,Final-solution
104,4,8,3660,Final-solution,3708,Redundant-solution,3737,Redundant-solution,3719,Final-solution,3833,Final-solution,3902,Redundant-solution,4001.0,Redundant-solution
105,4,9,3664,Final-solution,3709,Redundant-solution,3742,Redundant-solution,3720,Final-solution,3835,Final-solution,3907,Redundant-solution,3997.0,Redundant-solution
106,4,10,3664,Final-solution,3716,Redundant-solution,3743,Redundant-solution,3719,Final-solution,3825,Final-solution,3888,Redundant-solution,3955.0,Redundant-solution
107,4,11,3664,Final-solution,3723,Redundant-solution,3750,Redundant-solution,3717,Final-solution,3826,Final-solution,3892,Redundant-solution,3623.0,Final-solution
108,4,12,3664,Final-solution,3727,Redundant-solution,3754,Redundant-solution,3770,Redundant-solution,3836,Final-solution,3922,Redundant-solution,4017.0,Redundant-solution
109,4,13,3726,Redundant-solution,3752,Redundant-solution,3785,Redundant-solution,3800,Redundant-solution,3837,Final-solution,3916,Redundant-solution,4005.0,Final-solution
110,4,14,3720,Redundant-solution,3742,Redundant-solution,3771,Redundant-solution,3787,Redundant-solution,3832,Final-solution,3701,Final-solution,3598.0,Final-solution
111,4,15,3730,Redundant-solution,3756,Redundant-solution,3790,Redundant-solution,3805,Redundant-solution,3919,Redundant-solution,3931,Redundant-solution,4005.0,Redundant-solution
112,4,16,3735,Redundant-solution,3757,Redundant-solution,3783,Redundant-solution,3807,Redundant-solution,3836,Final-solution,3927,Redundant-solution,4006.0,Final-solution
113,4,17,3735,Redundant-solution,3757,Redundant-solution,3783,Redundant-solution,3807,Redundant-solution,3908,Redundant-solution,3795,Final-solution,4005.0,Final-solution
114,4,18,3765,Final-solution,3784,Final-solution,3803,Redundant-solution,3816,Redundant-solution,3914,Redundant-solution,3794,Final-solution,4016.0,Final-solution
115,4,19,3741,Redundant-solution,3763,Redundant-solution,3789,Redundant-solution,3806,Redundant-solution,3910,Redundant-solution,3795,Final-solution,4003.0,Final-solution
116,4,20,3741,Redundant-solution,3763,Redundant-solution,3789,Redundant-solution,3806,Redundant-solution,3910,Redundant-solution,3795,Final-solution,4001.0,Redundant-solution
117,4,21,3741,Redundant-solution,3763,Redundant-solution,3789,Redundant-solution,3806,Redundant-solution,3837,Final-solution,3933,Redundant-solution,4013.0,Final-solution
118,4,22,3766,Final-solution,3789,Final-solution,3812,Redundant-solution,3831,Redundant-solution,3934,Final-solution,3945,Final-solution,3647.0,Final-solution
119,4,23,3765,Final-solution,3784,Final-solution,3815,Redundant-solution,3830,Redundant-solution,3934,Final-solution,3942,Final-solution,3648.0,Final-solution
120,4,24,3760,Final-solution,3790,Final-solution,3815,Redundant-solution,3828,Redundant-solution,3837,Final-solution,3938,Final-solution,4012.0,Redundant-solution
121,4,25,3759,Final-solution,3773,Redundant-solution,3798,Redundant-solution,3820,Redundant-solution,3852,Final-solution,3795,Final-solution,3695.0,Final-solution
122,4,26,3759,Final-solution,3784,Final-solution,3803,Redundant-solution,3820,Redundant-solution,3837,Final-solution,3941,Final-solution,3648.0,Final-solution
123,4,27,3765,Final-solution,3790,Final-solution,3813,Redundant-solution,3828,Redundant-solution,3952,Final-solution,3966,Final-solution,4063.0,Redundant-solution
124,4,28,3765,Final-solution,3790,Final-solution,3813,Redundant-solution,3827,Redundant-solution,3952,Final-solution,3966,Final-solution,3777.0,Final-solution
125,4,29,3765,Final-solution,3790,Final-solution,3813,Redundant-solution,3828,Redundant-solution,3949,Final-solution,3966,Final-solution,4042.0,Final-solution
126,4,30,3766,Final-solution,3736,Final-solution,3828,Redundant-solution,3843,Final-solution,3944,Final-solution,3949,Final-solution,4050.0,Redundant-solution
127,4,31,3766,Final-solution,3790,Final-solution,3819,Redundant-solution,3844,Final-solution,3944,Final-solution,3855,Final-solution,3780.0,Final-solution
128,4,32,3766,Final-solution,3737,Final-solution,3828,Redundant-solution,3843,Final-solution,3940,Final-solution,3855,Final-solution,4055.0,Redundant-solution
129,5,1,3617,Final-solution,3742,Redundant-solution,3689,Final-solution,3690,Final-solution,3815,Final-solution,3878,Redundant-solution,3903.0,Final-solution
130,5,2,3629,Final-solution,3640,Final-solution,3695,Final-solution,3700,Final-solution,3792,Final-solution,3916,Final-solution,4003.0,Redundant-solution
131,5,3,3627,Final-solution,3742,Redundant-solution,3689,Final-solution,3659,Final-solution,3833,Final-solution,3535,Final-solution,3991.0,Final-solution
132,5,4,3636,Final-solution,3760,Redundant-solution,3695,Final-solution,3707,Final-solution,3551,Final-solution,3911,Redundant-solution,3993.0,Final-solution
133,5,5,3636,Final-solution,3638,Final-solution,3790,Redundant-solution,3703,Final-solution,3788,Final-solution,3908,Redundant-solution,3998.0,Redundant-solution
134,5,6,3654,Final-solution,3784,Final-solution,3809,Redundant-solution,3730,Final-solution,3838,Final-solution,3941,Final-solution,4016.0,Redundant-solution
135,5,7,3654,Final-solution,3790,Final-solution,3811,Redundant-solution,3730,Final-solution,3836,Final-solution,3948,Final-solution,4023.0,Final-solution
136,5,8,3654,Final-solution,3790,Final-solution,3809,Redundant-solution,3734,Final-solution,3841,Final-solution,3931,Redundant-solution,3620.0,Final-solution
137,5,9,3655,Final-solution,3790,Final-solution,3810,Redundant-solution,3773,Final-solution,3933,Final-solution,3955,Final-solution,4024.0,Final-solution
138,5,10,3760,Final-solution,3789,Final-solution,3597,Final-solution,3740,Final-solution,3862,Final-solution,3955,Final-solution,4028.0,Redundant-solution
139,5,11,3765,Final-solution,3789,Final-solution,3824,Redundant-solution,3843,Final-solution,3666,Final-solution,3950,Final-solution,4019.0,Redundant-solution
140,5,12,3772,Final-solution,3789,Final-solution,3839,Redundant-solution,3843,Final-solution,3934,Final-solution,3954,Final-solution,3585.0,Final-solution
141,5,13,3779,Final-solution,3784,Final-solution,3848,Final-solution,3849,Final-solution,3625,Final-solution,3962,Final-solution,4060.0,Redundant-solution
142,5,14,3781,Final-solution,3789,Final-solution,3849,Final-solution,3741,Final-solution,3842,Final-solution,3848,Final-solution,4027.0,Final-solution
143,5,15,3781,Final-solution,3789,Final-solution,3849,Final-solution,3741,Final-solution,3842,Final-solution,3842,Final-solution,4033.0,Final-solution
144,5,16,3783,Final-solution,3798,Final-solution,3854,Final-solution,3849,Final-solution,3625,Final-solution,3989,Redundant-solution,4038.0,Final-solution
145,5,17,3783,Final-solution,3799,Final-solution,3848,Final-solution,3849,Final-solution,3624,Final-solution,3991,Redundant-solution,4061.0,Redundant-solution
146,5,18,3790,Final-solution,3835,Redundant-solution,3849,Final-solution,3859,Final-solution,3948,Final-solution,4000,Redundant-solution,4088.0,Redundant-solution
147,5,19,3790,Final-solution,3834,Redundant-solution,3707,Final-solution,3849,Final-solution,3945,Final-solution,3644,Final-solution,4048.0,Final-solution
148,5,20,3791,Final-solution,3837,Redundant-solution,3855,Final-solution,3867,Final-solution,3965,Final-solution,4012,Redundant-solution,4091.0,Final-solution
149,5,21,3790,Final-solution,3838,Redundant-solution,3855,Final-solution,3850,Final-solution,3949,Final-solution,4005,Redundant-solution,4055.0,Final-solution
150,5,22,3789,Final-solution,3858,Redundant-solution,3854,Final-solution,3857,Final-solution,3886,Final-solution,4018,Redundant-solution,3912.0,Final-solution
151,5,23,3789,Final-solution,3861,Redundant-solution,3855,Final-solution,3861,Final-solution,3968,Final-solution,3968,Final-solution,4116.0,Redundant-solution
152,5,24,3783,Final-solution,3862,Redundant-solution,3855,Final-solution,3867,Final-solution,3667,Final-solution,4043,Redundant-solution,4124.0,Final-solution
153,5,25,3790,Final-solution,3869,Redundant-solution,3855,Final-solution,3864,Final-solution,3959,Final-solution,4046,Redundant-solution,4121.0,Redundant-solution
154,5,26,3791,Final-solution,3884,Redundant-solution,3909,Redundant-solution,3878,Final-solution,3985,Final-solution,4045,Redundant-solution,4132.0,Final-solution
155,5,27,3791,Final-solution,3878,Redundant-solution,3855,Final-solution,3865,Final-solution,3960,Final-solution,4023,Final-solution,4111.0,Final-solution
156,5,28,3790,Final-solution,3881,Redundant-solution,3855,Final-solution,3866,Final-solution,3974,Final-solution,4041,Redundant-solution,4131.0,Final-solution
157,5,29,3792,Final-solution,3902,Redundant-solution,3929,Redundant-solution,3878,Final-solution,3984,Final-solution,4069,Redundant-solution,4152.0,Redundant-solution
158,5,30,3792,Final-solution,3909,Redundant-solution,3934,Redundant-solution,3867,Final-solution,3985,Final-solution,4074,Redundant-solution,4166.0,Final-solution
159,5,31,3791,Final-solution,3906,Redundant-solution,3936,Redundant-solution,3860,Final-solution,3985,Final-solution,4059,Redundant-solution,4135.0,Redundant-solution
160,5,32,3789,Final-solution,3909,Redundant-solution,3938,Redundant-solution,3873,Final-solution,3985,Final-solution,4072,Redundant-solution,4152.0,Final-solution
